{
    "0": {
        "context": {
            "num_bad": 10,
            "num_good": 10
        },
        "prob": 0.009937781556850978
    },
    "1": {
        "context": {
            "num_bad": 11,
            "num_good": 10
        },
        "prob": 0.009657757683282779
    },
    "2": {
        "context": {
            "num_bad": 12,
            "num_good": 10
        },
        "prob": 0.009943913466491159
    },
    "3": {
        "context": {
            "num_bad": 13,
            "num_good": 10
        },
        "prob": 0.00991325391829026
    },
    "4": {
        "context": {
            "num_bad": 14,
            "num_good": 10
        },
        "prob": 0.010115606936416185
    },
    "5": {
        "context": {
            "num_bad": 15,
            "num_good": 10
        },
        "prob": 0.010371103171423667
    },
    "6": {
        "context": {
            "num_bad": 16,
            "num_good": 10
        },
        "prob": 0.010025672261693552
    },
    "7": {
        "context": {
            "num_bad": 17,
            "num_good": 10
        },
        "prob": 0.010029760201453672
    },
    "8": {
        "context": {
            "num_bad": 18,
            "num_good": 10
        },
        "prob": 0.010268904677420674
    },
    "9": {
        "context": {
            "num_bad": 19,
            "num_good": 10
        },
        "prob": 0.009958221255651576
    },
    "10": {
        "context": {
            "num_bad": 10,
            "num_good": 11
        },
        "prob": 0.010070639599054867
    },
    "11": {
        "context": {
            "num_bad": 11,
            "num_good": 11
        },
        "prob": 0.010142178544856963
    },
    "12": {
        "context": {
            "num_bad": 12,
            "num_good": 11
        },
        "prob": 0.009870330550809003
    },
    "13": {
        "context": {
            "num_bad": 13,
            "num_good": 11
        },
        "prob": 0.009825363213447687
    },
    "14": {
        "context": {
            "num_bad": 14,
            "num_good": 11
        },
        "prob": 0.009939825526731038
    },
    "15": {
        "context": {
            "num_bad": 15,
            "num_good": 11
        },
        "prob": 0.010019540352053373
    },
    "16": {
        "context": {
            "num_bad": 16,
            "num_good": 11
        },
        "prob": 0.009921429797810499
    },
    "17": {
        "context": {
            "num_bad": 17,
            "num_good": 11
        },
        "prob": 0.010138090605096843
    },
    "18": {
        "context": {
            "num_bad": 18,
            "num_good": 11
        },
        "prob": 0.009919385827930439
    },
    "19": {
        "context": {
            "num_bad": 19,
            "num_good": 11
        },
        "prob": 0.009958221255651576
    },
    "20": {
        "context": {
            "num_bad": 10,
            "num_good": 12
        },
        "prob": 0.009941869496611098
    },
    "21": {
        "context": {
            "num_bad": 11,
            "num_good": 12
        },
        "prob": 0.010029760201453672
    },
    "22": {
        "context": {
            "num_bad": 12,
            "num_good": 12
        },
        "prob": 0.010072683568934928
    },
    "23": {
        "context": {
            "num_bad": 13,
            "num_good": 12
        },
        "prob": 0.009972529044811995
    },
    "24": {
        "context": {
            "num_bad": 14,
            "num_good": 12
        },
        "prob": 0.010144222514737023
    },
    "25": {
        "context": {
            "num_bad": 15,
            "num_good": 12
        },
        "prob": 0.009809011454407207
    },
    "26": {
        "context": {
            "num_bad": 16,
            "num_good": 12
        },
        "prob": 0.010127870755696544
    },
    "27": {
        "context": {
            "num_bad": 17,
            "num_good": 12
        },
        "prob": 0.009941869496611098
    },
    "28": {
        "context": {
            "num_bad": 18,
            "num_good": 12
        },
        "prob": 0.00976813205680601
    },
    "29": {
        "context": {
            "num_bad": 19,
            "num_good": 12
        },
        "prob": 0.010013408442413193
    },
    "30": {
        "context": {
            "num_bad": 10,
            "num_good": 13
        },
        "prob": 0.010025672261693552
    },
    "31": {
        "context": {
            "num_bad": 11,
            "num_good": 13
        },
        "prob": 0.010099255177375706
    },
    "32": {
        "context": {
            "num_bad": 12,
            "num_good": 13
        },
        "prob": 0.010072683568934928
    },
    "33": {
        "context": {
            "num_bad": 13,
            "num_good": 13
        },
        "prob": 0.01005019990025427
    },
    "34": {
        "context": {
            "num_bad": 14,
            "num_good": 13
        },
        "prob": 0.009714988839924455
    },
    "35": {
        "context": {
            "num_bad": 15,
            "num_good": 13
        },
        "prob": 0.009802879544767029
    },
    "36": {
        "context": {
            "num_bad": 16,
            "num_good": 13
        },
        "prob": 0.009868286580928944
    },
    "37": {
        "context": {
            "num_bad": 17,
            "num_good": 13
        },
        "prob": 0.010023628291813491
    },
    "38": {
        "context": {
            "num_bad": 18,
            "num_good": 13
        },
        "prob": 0.009739516478485174
    },
    "39": {
        "context": {
            "num_bad": 19,
            "num_good": 13
        },
        "prob": 0.010166706183417681
    },
    "40": {
        "context": {
            "num_bad": 10,
            "num_good": 14
        },
        "prob": 0.009886682309849482
    },
    "41": {
        "context": {
            "num_bad": 11,
            "num_good": 14
        },
        "prob": 0.00991529788817032
    },
    "42": {
        "context": {
            "num_bad": 12,
            "num_good": 14
        },
        "prob": 0.009584174767600625
    },
    "43": {
        "context": {
            "num_bad": 13,
            "num_good": 14
        },
        "prob": 0.010099255177375706
    },
    "44": {
        "context": {
            "num_bad": 14,
            "num_good": 14
        },
        "prob": 0.009596438586880984
    },
    "45": {
        "context": {
            "num_bad": 15,
            "num_good": 14
        },
        "prob": 0.009702725020644096
    },
    "46": {
        "context": {
            "num_bad": 16,
            "num_good": 14
        },
        "prob": 0.009988880803852474
    },
    "47": {
        "context": {
            "num_bad": 17,
            "num_good": 14
        },
        "prob": 0.009974573014692055
    },
    "48": {
        "context": {
            "num_bad": 18,
            "num_good": 14
        },
        "prob": 0.010109475026776005
    },
    "49": {
        "context": {
            "num_bad": 19,
            "num_good": 14
        },
        "prob": 0.009972529044811995
    },
    "50": {
        "context": {
            "num_bad": 10,
            "num_good": 15
        },
        "prob": 0.010058375779774508
    },
    "51": {
        "context": {
            "num_bad": 11,
            "num_good": 15
        },
        "prob": 0.010142178544856963
    },
    "52": {
        "context": {
            "num_bad": 12,
            "num_good": 15
        },
        "prob": 0.01005428784001439
    },
    "53": {
        "context": {
            "num_bad": 13,
            "num_good": 15
        },
        "prob": 0.009876462460449183
    },
    "54": {
        "context": {
            "num_bad": 14,
            "num_good": 15
        },
        "prob": 0.01004815593037421
    },
    "55": {
        "context": {
            "num_bad": 15,
            "num_good": 15
        },
        "prob": 0.010238245129219775
    },
    "56": {
        "context": {
            "num_bad": 16,