{
    "0": {
        "context": {
            "maze_dim": 3
        },
        "prob": 0.07712988772938142
    },
    "1": {
        "context": {
            "maze_dim": 4
        },
        "prob": 0.07679949315293548
    },
    "2": {
        "context": {
            "maze_dim": 5
        },
        "prob": 0.07695152911874509
    },
    "3": {
        "context": {
            "maze_dim": 6
        },
        "prob": 0.07686575360370623
    },
    "4": {
        "context": {
            "maze_dim": 7
        },
        "prob": 0.07715484885809644
    },
    "5": {
        "context": {
            "maze_dim": 8
        },
        "prob": 0.07683080802350521
    },
    "6": {
        "context": {
            "maze_dim": 9
        },
        "prob": 0.07704456605304648
    },
    "7": {
        "context": {
            "maze_dim": 10
        },
        "prob": 0.07699691298913601
    },
    "8": {
        "context": {
            "maze_dim": 11
        },
        "prob": 0.07669147954140507
    },
    "9": {
        "context": {
            "maze_dim": 12
        },
        "prob": 0.07714940279364953
    },
    "10": {
        "context": {
            "maze_dim": 13
        },
        "prob": 0.07684124631369513
    },
    "11": {
        "context": {
            "maze_dim": 14
        },
        "prob": 0.07691068363539325
    },
    "12": {
        "context": {
            "maze_dim": 15
        },
        "prob": 0.07663338818730468
    }
}