{
    "0": {
        "context": {
            "time": 11
        },
        "prob": 0.05007192174913694
    },
    "1": {
        "context": {
            "time": 12
        },
        "prob": 0.05
    },
    "2": {
        "context": {
            "time": 13
        },
        "prob": 0.049789029535864976
    },
    "3": {
        "context": {
            "time": 14
        },
        "prob": 0.05000958956655159
    },
    "4": {
        "context": {
            "time": 15
        },
        "prob": 0.0501102800153433
    },
    "5": {
        "context": {
            "time": 16
        },
        "prob": 0.05008151131568853
    },
    "6": {
        "context": {
            "time": 17
        },
        "prob": 0.04980101649405447
    },
    "7": {
        "context": {
            "time": 18
        },
        "prob": 0.049347909474491754
    },
    "8": {
        "context": {
            "time": 19
        },
        "prob": 0.050474683544303796
    },
    "9": {
        "context": {
            "time": 20
        },
        "prob": 0.05008630609896433
    },
    "10": {
        "context": {
            "time": 21
        },
        "prob": 0.05064729574223245
    },
    "11": {
        "context": {
            "time": 22
        },
        "prob": 0.0497626582278481
    },
    "12": {
        "context": {
            "time": 23
        },
        "prob": 0.04959004602991945
    },
    "13": {
        "context": {
            "time": 24
        },
        "prob": 0.05026850786344457
    },
    "14": {
        "context": {
            "time": 25
        },
        "prob": 0.05040995397008055
    },
    "15": {
        "context": {
            "time": 26
        },
        "prob": 0.04973149213655543
    },
    "16": {
        "context": {
            "time": 27
        },
        "prob": 0.04974347909474492
    },
    "17": {
        "context": {
            "time": 28
        },
        "prob": 0.04979382431914078
    },
    "18": {
        "context": {
            "time": 29
        },
        "prob": 0.05072880705792098
    },
    "19": {
        "context": {
            "time": 30
        },
        "prob": 0.04955168776371308
    }
}